climate station,lat,long,crop,avg sowing doy,# values sowing,avg harvest doy,# values harvest,earliest sowing doy,latest sowing doy,earliest harvest doy,latest harvest doy
140,52.6861,11.4272,WB,261,16,189,16,248.0,272.0,174.0,200.0
183,54.6792,13.4343,WB,256,15,199,16,247.0,268.0,187.0,209.0
198,51.3745,11.292,WB,264,8,196,13,237.0,283.0,183.0,222.0
591,53.3911,10.6878,WB,260,16,191,16,252.0,270.0,183.0,200.0
596,54.0028,11.1908,WB,263,7,195,8,258.0,268.0,185.0,204.0
640,50.8685,12.7237,WB,264,14,200,14,256.0,282.0,187.0,225.0
662,52.2914,10.4465,WB,264,16,194,16,253.0,273.0,180.0,211.0
717,51.3873,8.5737,WB,260,16,205,16,251.0,271.0,193.0,216.0
821,49.1443,10.5024,WB,250,6,196,6,234.0,263.0,189.0,206.0
822,51.2066,14.2371,WB,257,9,191,9,245.0,264.0,180.0,204.0
853,50.7913,12.872,WB,260,6,205,3,253.0,267.0,196.0,214.0
880,51.776,14.3168,WB,259,16,186,16,255.0,270.0,172.0,194.0
882,50.7813,10.786,WB,262,15,207,15,258.0,274.0,196.0,218.0
891,53.8713,8.7058,WB,263,9,203,9,251.0,274.0,189.0,214.0
1048,51.128,13.7543,WB,254,5,185,3,241.0,260.0,179.0,193.0
1133,52.1014,11.2322,WB,259,16,196,16,250.0,271.0,187.0,211.0
1246,51.8418,8.0607,WB,262,11,196,11,256.0,274.0,179.0,206.0
1412,50.8969,13.2205,WB,258,16,197,16,232.0,281.0,182.0,209.0
1532,53.6865,11.0608,WB,253,16,195,16,242.0,267.0,182.0,205.0
1544,52.5129,11.3941,WB,266,4,188,5,252.0,282.0,185.0,193.0
1612,50.8813,12.1289,WB,254,14,189,16,241.0,261.0,178.0,199.0
1684,51.1622,14.9506,WB,257,6,194,8,253.0,269.0,180.0,208.0
1691,51.5003,9.9506,WB,262,7,191,8,258.0,265.0,182.0,203.0
1757,54.0967,13.4056,WB,255,14,192,16,244.0,276.0,182.0,202.0
1766,52.1344,7.6969,WB,275,9,189,9,264.0,286.0,185.0,198.0
1780,50.4316,11.9443,WB,257,16,199,16,240.0,277.0,189.0,223.0
1820,50.85,11.6667,WB,261,16,191,16,249.0,277.0,180.0,202.0
1957,51.5138,11.9499,WB,260,9,187,10,251.0,267.0,178.0,196.0
2034,50.9574,11.9757,WB,271,8,198,9,264.0,284.0,181.0,209.0
2163,51.5448,10.8748,WB,255,14,196,14,248.0,269.0,188.0,208.0
2468,50.9352,12.6206,WB,260,15,192,15,254.0,268.0,176.0,209.0
2514,54.6667,9.9333,WB,262,6,201,7,253.0,283.0,198.0,207.0
2561,49.7167,8.1167,WB,262,8,189,8,257.0,271.0,185.0,198.0
2625,52.739,12.4984,WB,262,6,192,6,257.0,265.0,182.0,201.0
2667,50.8646,7.1575,WB,265,5,183,9,260.0,279.0,176.0,194.0
2878,51.391,11.8788,WB,262,7,190,8,257.0,269.0,180.0,206.0
2895,49.3442,11.5664,WB,260,9,203,8,250.0,268.0,189.0,213.0
2928,51.3151,12.4462,WB,261,3,187,8,256.0,265.0,175.0,198.0
2995,52.8719,13.3927,WB,263,5,185,7,255.0,270.0,172.0,199.0
3015,52.2085,14.118,WB,262,12,187,16,251.0,277.0,170.0,197.0
3023,52.5181,7.3081,WB,269,15,193,16,250.0,291.0,181.0,214.0
3028,51.7855,8.8388,WB,272,9,192,9,263.0,281.0,185.0,205.0
3126,52.1029,11.5827,WB,263,16,190,16,251.0,278.0,179.0,201.0
3287,49.7176,9.0997,WB,261,6,196,6,248.0,282.0,186.0,213.0
3302,51.0418,11.0062,WB,263,14,194,13,244.0,280.0,181.0,204.0
3314,52.1458,11.9563,WB,267,14,188,16,248.0,283.0,170.0,207.0
3347,51.7384,9.7899,WB,259,7,200,8,254.0,268.0,193.0,210.0
3478,53.5468,13.1914,WB,256,4,189,4,250.0,261.0,185.0,192.0
3487,51.607,11.1183,WB,260,8,202,8,257.0,267.0,197.0,210.0
3552,52.9037,12.8072,WB,263,10,189,10,253.0,271.0,181.0,201.0
3637,51.5158,10.7739,WB,253,8,205,8,242.0,282.0,195.0,225.0
3660,50.3601,6.8697,WB,268,6,200,6,262.0,273.0,196.0,213.0
3684,51.2873,11.0183,WB,258,16,192,16,253.0,268.0,178.0,206.0
3750,48.0579,9.9479,WB,259,6,193,8,253.0,272.0,181.0,200.0
3761,49.207,9.5175,WB,268,7,193,7,259.0,277.0,186.0,199.0
3811,51.296,13.0928,WB,260,9,185,10,254.0,274.0,169.0,196.0
3815,52.2553,8.0534,WB,263,3,191,3,254.0,271.0,181.0,198.0
4271,54.1803,12.0808,WB,251,7,200,9,244.0,263.0,195.0,206.0
4372,50.8063,10.2294,WB,262,11,193,13,241.0,273.0,181.0,208.0
4466,54.5275,9.5487,WB,263,15,197,16,255.0,278.0,183.0,206.0
4625,53.6425,11.3872,WB,265,6,198,7,259.0,270.0,190.0,209.0
4642,52.8911,11.7297,WB,259,12,187,15,253.0,266.0,177.0,200.0
4768,50.6574,9.9135,WB,266,5,202,6,262.0,269.0,196.0,208.0
4887,48.6657,9.8646,WB,261,16,202,16,252.0,273.0,191.0,211.0
4933,48.7091,9.2147,WB,266,16,190,16,262.0,272.0,180.0,204.0
4983,50.8619,11.2453,WB,267,11,197,13,259.0,279.0,181.0,214.0
5100,49.7479,6.6582,WB,266,13,195,13,259.0,274.0,185.0,204.0
5142,53.7444,14.0697,WB,265,10,199,11,263.0,271.0,172.0,206.0
5397,49.6663,12.1845,WB,263,4,193,4,262.0,266.0,188.0,201.0
5404,48.4025,11.6946,WB,264,15,190,15,257.0,271.0,172.0,207.0
5516,54.5284,11.0605,WB,262,8,200,8,252.0,278.0,187.0,212.0
5546,52.1207,12.4585,WB,264,10,191,12,249.0,275.0,171.0,206.0
5750,51.0314,12.1495,WB,253,8,190,8,243.0,267.0,174.0,198.0
5856,48.5451,13.3531,WB,267,8,192,9,239.0,280.0,173.0,202.0
7504,54.3167,10.05,WB,264,10,201,8,254.0,278.0,184.0,214.0
7539,53.95,10.6833,WB,259,11,198,12,246.0,275.0,189.0,209.0
7548,53.9333,10.6667,WB,258,7,196,9,248.0,269.0,187.0,203.0
7559,54.75,9.9,WB,259,5,199,5,254.0,272.0,197.0,204.0
7564,54.7167,9.95,WB,257,15,201,16,249.0,270.0,187.0,219.0
7566,54.75,9.5167,WB,258,16,199,16,253.0,273.0,190.0,208.0
7592,53.4833,10.6333,WB,255,16,192,16,240.0,264.0,183.0,202.0
7601,53.6167,10.7,WB,258,15,194,15,254.0,266.0,184.0,210.0
7604,53.7,10.7833,WB,263,5,194,15,259.0,267.0,183.0,211.0
7605,53.75,10.6167,WB,259,3,193,3,257.0,263.0,184.0,202.0
7608,53.5,10.4833,WB,263,16,195,16,258.0,279.0,184.0,205.0
7616,54.6167,8.9667,WB,263,15,202,14,254.0,274.0,196.0,211.0
7623,54.6667,9.1333,WB,239,15,209,16,222.0,263.0,191.0,229.0
7624,54.5167,8.65,WB,250,3,202,11,245.0,256.0,179.0,219.0
7640,54.4333,11.2,WB,253,4,200,4,232.0,263.0,197.0,203.0
7641,54.5,11.1,WB,263,11,199,12,247.0,274.0,194.0,209.0
7642,54.2333,11.0833,WB,259,15,200,16,246.0,274.0,192.0,210.0
7646,54.25,10.8333,WB,257,16,196,16,228.0,278.0,187.0,208.0
7650,54.1,10.8167,WB,259,16,200,16,253.0,282.0,191.0,215.0
7655,54.1833,10.75,WB,259,4,198,4,253.0,269.0,188.0,208.0
7676,54.1167,10.4833,WB,260,16,196,16,250.0,279.0,185.0,206.0
7682,54.3167,10.5,WB,261,15,199,16,235.0,290.0,188.0,210.0
7684,54.3567,10.182,WB,253,5,194,5,250.0,260.0,186.0,198.0
7686,54.3167,10.2167,WB,257,10,201,10,225.0,268.0,176.0,231.0
7697,54.1167,10.1667,WB,257,15,200,15,250.0,266.0,190.0,209.0
7700,54.1667,10.05,WB,259,9,198,10,242.0,271.0,186.0,210.0
7711,54.0833,9.65,WB,259,5,202,5,253.0,263.0,193.0,208.0
7716,54.3,9.6667,WB,262,5,209,5,248.0,273.0,201.0,222.0
7721,54.1167,9.4333,WB,267,10,205,9,259.0,283.0,196.0,216.0
7730,54.6167,9.8333,WB,255,16,201,15,245.0,285.0,192.0,207.0
7736,54.55,9.4,WB,244,7,196,8,226.0,268.0,183.0,209.0
7748,54.0667,10.2167,WB,259,14,196,14,253.0,272.0,185.0,204.0
7754,53.7833,10.0,WB,261,3,198,3,261.0,263.0,189.0,213.0
7759,53.8167,10.15,WB,261,9,193,14,252.0,269.0,183.0,205.0
7761,54.0167,10.1667,WB,253,9,201,10,224.0,268.0,196.0,209.0
7770,53.9333,10.2,WB,259,16,194,16,248.0,270.0,182.0,205.0
7772,53.9,9.7833,WB,260,10,195,13,256.0,268.0,182.0,211.0
7786,53.7333,10.2667,WB,252,16,196,16,237.0,259.0,183.0,215.0
7795,53.8333,10.4833,WB,262,8,200,8,257.0,277.0,196.0,213.0
7798,53.8667,10.3333,WB,263,16,197,16,256.0,273.0,185.0,211.0
7799,53.6167,10.4167,WB,261,16,196,16,250.0,283.0,185.0,211.0
7803,53.9,9.1,WB,259,4,200,5,253.0,266.0,190.0,213.0
7807,54.15,9.0667,WB,263,6,204,7,253.0,274.0,193.0,215.0
7812,53.9833,9.1167,WB,255,15,197,16,244.0,266.0,184.0,214.0
7815,53.9667,9.0833,WB,256,13,206,15,247.0,273.0,189.0,217.0
7824,54.7333,8.4333,WB,245,12,201,12,237.0,255.0,188.0,228.0
7841,53.4333,10.2833,WB,261,14,196,15,248.0,283.0,139.0,220.0
7844,53.6,10.1833,WB,247,12,194,12,179.0,270.0,166.0,203.0
7849,52.7,8.5,WB,269,3,197,5,263.0,275.0,185.0,213.0
7855,52.7667,8.75,WB,262,9,191,9,257.0,266.0,185.0,199.0
7857,52.6,8.8333,WB,264,16,188,16,260.0,269.0,177.0,203.0
7859,52.6,8.4833,WB,269,15,196,13,254.0,288.0,184.0,205.0
7862,52.8,8.8333,WB,266,11,192,11,260.0,271.0,182.0,204.0
7865,52.5667,8.5667,WB,268,16,191,16,263.0,274.0,182.0,204.0
7868,52.7833,9.1333,WB,260,11,192,11,254.0,267.0,182.0,205.0
7872,52.9,8.5833,WB,265,10,192,10,256.0,276.0,182.0,200.0
7877,52.8667,8.5,WB,269,4,191,4,267.0,274.0,182.0,200.0
7881,52.85,9.1833,WB,263,16,191,16,252.0,278.0,181.0,203.0
7883,52.1667,9.25,WB,258,7,192,7,254.0,262.0,178.0,204.0
7890,52.2,9.2,WB,258,13,188,13,235.0,270.0,171.0,203.0
7896,52.1333,9.25,WB,260,10,194,16,240.0,273.0,183.0,207.0
7897,52.0667,9.2667,WB,261,14,191,13,249.0,265.0,181.0,205.0
7900,51.9833,9.25,WB,267,14,192,13,260.0,278.0,180.0,206.0
7906,52.3,9.7333,WB,259,15,191,15,248.0,269.0,156.0,213.0
7910,52.3,9.5,WB,268,14,195,14,260.0,277.0,183.0,205.0
7914,52.4,9.6333,WB,262,5,191,6,260.0,266.0,183.0,204.0
7920,52.5333,9.4667,WB,265,6,188,7,259.0,273.0,180.0,201.0
7922,52.3833,9.35,WB,252,13,197,13,110.0,271.0,191.0,207.0
7923,52.4,9.45,WB,261,16,189,16,254.0,265.0,172.0,201.0
7931,52.5667,9.3,WB,265,15,193,16,258.0,281.0,176.0,212.0
7936,52.5667,9.1333,WB,262,16,186,16,260.0,264.0,172.0,198.0
7943,52.5,8.9833,WB,267,14,189,15,264.0,278.0,179.0,203.0
7946,52.7167,9.25,WB,257,16,191,16,249.0,290.0,178.0,204.0
7951,52.4,9.1167,WB,264,10,195,10,260.0,272.0,181.0,203.0
7956,52.45,9.4,WB,264,16,191,16,262.0,269.0,179.0,205.0
7957,52.2333,9.1167,WB,263,15,192,15,251.0,271.0,181.0,203.0
7963,52.2167,9.4,WB,260,10,193,10,253.0,269.0,184.0,203.0
7965,52.1667,9.4333,WB,264,16,196,16,256.0,281.0,189.0,211.0
7971,52.2667,9.7667,WB,264,10,190,10,257.0,268.0,182.0,204.0
7977,51.5167,9.95,WB,253,12,193,12,237.0,262.0,185.0,202.0
7979,52.0,9.9333,WB,256,5,199,5,250.0,269.0,193.0,209.0
7982,52.0667,9.7167,WB,261,14,196,15,235.0,275.0,182.0,208.0
7990,51.5333,10.1833,WB,260,13,191,13,254.0,270.0,181.0,202.0
7991,51.6167,10.2167,WB,257,16,193,16,248.0,266.0,182.0,207.0
7994,51.5,10.1833,WB,258,13,198,13,253.0,265.0,191.0,204.0
7998,51.8,9.7,WB,260,16,194,16,255.0,267.0,183.0,205.0
8007,51.55,10.0667,WB,261,16,197,16,255.0,272.0,190.0,206.0
8008,52.0167,10.1333,WB,262,3,196,3,260.0,266.0,185.0,204.0
8011,52.1,9.9167,WB,262,12,196,13,257.0,267.0,192.0,211.0
8018,52.0833,10.15,WB,262,16,195,16,258.0,266.0,186.0,209.0
8023,51.7,9.4333,WB,267,7,209,7,259.0,272.0,191.0,230.0
8025,51.9333,9.65,WB,255,11,195,11,227.0,279.0,182.0,211.0
8027,51.95,9.7333,WB,264,11,198,10,261.0,268.0,188.0,209.0
8028,51.85,9.6333,WB,259,16,199,16,254.0,269.0,189.0,210.0
8036,51.3833,9.7667,WB,260,4,188,4,258.0,265.0,186.0,191.0
8039,51.5167,9.7,WB,262,9,199,9,256.0,272.0,193.0,209.0
8044,51.6167,9.8167,WB,260,6,201,6,258.0,264.0,192.0,216.0
8047,51.6333,9.9333,WB,262,3,190,4,261.0,264.0,187.0,193.0
8058,51.8,10.0333,WB,264,7,200,7,263.0,268.0,191.0,209.0
8063,51.6,10.55,WB,256,7,196,6,250.0,261.0,186.0,204.0
8064,51.8167,10.0667,WB,258,16,192,16,254.0,262.0,182.0,204.0
8069,52.2333,10.2333,WB,261,10,193,10,258.0,263.0,184.0,204.0
8071,52.3167,10.2333,WB,273,5,193,5,244.0,290.0,184.0,202.0
8072,52.25,10.0667,WB,263,3,201,3,261.0,267.0,196.0,204.0
8091,52.55,9.7667,WB,262,16,190,16,245.0,277.0,177.0,204.0
8093,52.4,10.0667,WB,268,12,188,16,258.0,280.0,171.0,204.0
8099,52.6,10.1167,WB,263,16,189,15,257.0,283.0,172.0,199.0
8101,52.8167,9.9667,WB,262,16,192,16,255.0,270.0,172.0,201.0
8128,52.7667,9.4667,WB,257,4,193,4,251.0,263.0,182.0,201.0
8129,52.8333,9.6333,WB,257,5,187,5,253.0,262.0,179.0,193.0
8133,52.9333,9.7333,WB,263,14,192,14,258.0,271.0,183.0,202.0
8135,52.95,9.5333,WB,261,16,190,16,245.0,272.0,178.0,202.0
8151,52.5333,10.35,WB,262,16,185,16,253.0,283.0,171.0,201.0
8164,52.65,10.4333,WB,257,6,193,7,251.0,262.0,173.0,204.0
8166,53.3333,9.8833,WB,261,15,196,16,255.0,271.0,184.0,205.0
8172,53.3667,9.9833,WB,264,15,196,15,256.0,272.0,184.0,204.0
8174,53.3667,10.3,WB,255,10,197,10,249.0,259.0,182.0,259.0
8175,53.45,9.7333,WB,260,15,197,16,241.0,277.0,183.0,206.0
8178,53.2833,9.9167,WB,257,3,192,3,253.0,263.0,185.0,198.0
8192,53.2833,9.7167,WB,260,4,194,11,257.0,268.0,184.0,205.0
8203,53.0333,11.2667,WB,258,4,184,4,253.0,268.0,159.0,202.0
8212,53.0333,11.5333,WB,246,8,190,8,239.0,262.0,181.0,197.0
8227,53.1167,11.2,WB,257,8,191,8,245.0,268.0,182.0,209.0
8228,53.0,11.1513,WB,262,15,191,16,233.0,272.0,172.0,205.0
8233,53.1,11.05,WB,256,5,197,5,227.0,267.0,195.0,201.0
8243,53.15,10.85,WB,257,6,195,6,231.0,268.0,179.0,206.0
8248,53.0833,10.0,WB,261,8,194,8,256.0,266.0,183.0,204.0
8255,53.1,10.0667,WB,264,16,194,16,258.0,271.0,184.0,204.0
8256,52.9333,10.15,WB,258,16,191,16,245.0,267.0,172.0,203.0
8260,53.0333,9.8333,WB,261,16,193,16,250.0,274.0,172.0,205.0
8261,53.1333,10.6,WB,260,16,191,16,252.0,268.0,183.0,204.0
8266,52.9667,10.4667,WB,270,8,196,8,269.0,273.0,182.0,210.0
8279,52.8,10.6333,WB,268,16,196,16,262.0,279.0,179.0,209.0
8283,52.9167,10.7667,WB,270,16,195,16,261.0,280.0,177.0,209.0
8284,52.9833,10.7833,WB,258,6,195,6,253.0,261.0,186.0,209.0
8285,52.9667,10.5667,WB,264,16,189,16,255.0,281.0,170.0,209.0
8288,53.0833,10.2833,WB,265,16,191,16,257.0,272.0,173.0,207.0
8293,53.4833,9.1333,WB,264,14,194,16,258.0,271.0,183.0,205.0
8294,53.25,9.3833,WB,263,16,192,16,258.0,278.0,182.0,204.0
8300,53.3833,9.2167,WB,263,12,194,12,257.0,273.0,183.0,206.0
8301,53.45,9.1167,WB,261,16,200,16,245.0,284.0,189.0,218.0
8304,53.8167,8.7667,WB,267,15,203,16,255.0,279.0,189.0,214.0
8324,53.15,8.9333,WB,277,4,204,4,264.0,290.0,199.0,208.0
8332,53.3333,8.9167,WB,289,4,208,4,275.0,296.0,196.0,219.0
8333,53.0667,9.3167,WB,269,16,192,16,262.0,280.0,172.0,206.0
8334,53.1333,9.5,WB,262,11,192,12,255.0,274.0,183.0,206.0
8340,53.0167,9.4833,WB,266,16,198,16,246.0,283.0,183.0,213.0
8348,53.5667,9.5167,WB,267,16,195,16,261.0,282.0,182.0,217.0
8350,53.4,9.5,WB,259,9,193,7,246.0,271.0,182.0,203.0
8353,53.6667,9.3833,WB,264,16,201,16,255.0,283.0,193.0,214.0
8360,53.5167,9.4833,WB,275,16,196,16,265.0,288.0,170.0,215.0
8363,53.7167,9.2833,WB,262,11,207,13,255.0,272.0,193.0,222.0
8365,53.4833,9.3333,WB,258,12,195,12,253.0,268.0,171.0,216.0
8369,53.4333,9.3667,WB,267,6,197,7,261.0,274.0,184.0,205.0
8373,53.0167,9.05,WB,269,8,196,8,263.0,275.0,189.0,204.0
8376,52.8833,9.3167,WB,271,15,192,15,265.0,278.0,179.0,205.0
8380,52.9333,9.1833,WB,255,3,196,3,248.0,261.0,188.0,201.0
8392,53.4167,8.5833,WB,274,13,200,16,230.0,302.0,178.0,213.0
8393,53.45,8.6167,WB,263,7,197,7,263.0,264.0,185.0,209.0
8402,52.9667,7.7667,WB,267,16,190,16,261.0,273.0,181.0,204.0
8403,53.0,7.3,WB,276,13,197,13,253.0,290.0,189.0,209.0
8404,52.8667,7.3167,WB,252,9,200,14,240.0,263.0,186.0,216.0
8418,52.4,7.85,WB,270,16,189,16,256.0,276.0,180.0,200.0
8420,52.4167,7.7333,WB,274,14,193,15,251.0,283.0,183.0,209.0
8422,52.5333,7.9333,WB,269,5,188,4,263.0,276.0,176.0,203.0
8423,52.3,7.1667,WB,276,9,199,9,270.0,285.0,188.0,223.0
8426,52.3,7.1167,WB,278,7,195,7,274.0,288.0,185.0,203.0
8430,52.2833,7.2833,WB,279,16,192,16,268.0,298.0,172.0,214.0
8438,52.6,7.4333,WB,276,15,195,15,272.0,281.0,185.0,204.0
8448,52.2,8.4667,WB,267,13,194,13,255.0,284.0,185.0,208.0
8452,52.7667,7.5,WB,266,16,193,16,257.0,283.0,181.0,204.0
8454,52.7833,7.2333,WB,272,7,198,7,261.0,288.0,189.0,210.0
8457,52.3,8.15,WB,261,7,192,7,258.0,264.0,178.0,199.0
8459,52.25,7.95,WB,260,16,196,16,248.0,292.0,179.0,211.0
8465,52.15,8.05,WB,263,16,192,16,258.0,274.0,179.0,208.0
8466,52.1,8.0833,WB,267,14,188,13,258.0,292.0,183.0,191.0
8467,52.3167,8.0333,WB,264,16,193,16,245.0,289.0,182.0,204.0
8475,52.2833,8.4167,WB,263,12,191,12,260.0,267.0,179.0,199.0
8492,53.4,7.3333,WB,259,11,215,10,253.0,267.0,212.0,221.0
8530,53.35,7.1167,WB,261,14,202,14,253.0,278.0,186.0,240.0
8531,53.5333,7.7,WB,265,16,205,16,248.0,275.0,195.0,217.0
8535,53.65,7.6167,WB,279,14,208,14,263.0,298.0,191.0,235.0
8542,53.6167,7.4667,WB,266,13,207,14,251.0,288.0,195.0,227.0
8546,52.3333,10.55,WB,267,5,201,5,256.0,277.0,195.0,217.0
8556,52.2833,10.7,WB,261,16,190,16,255.0,270.0,176.0,200.0
8558,52.9667,9.0167,WB,270,16,192,16,256.0,283.0,183.0,204.0
8559,52.2167,10.3667,WB,263,12,194,11,257.0,272.0,182.0,205.0
8561,51.9,9.85,WB,263,12,201,12,256.0,276.0,188.0,210.0
8563,51.8667,10.0167,WB,259,15,197,16,256.0,269.0,184.0,212.0
8565,51.95,10.2167,WB,261,14,194,15,256.0,268.0,176.0,205.0
8570,51.7833,10.2167,WB,260,15,202,14,238.0,268.0,189.0,210.0
8584,52.3667,10.9333,WB,262,16,188,16,257.0,278.0,172.0,202.0
8585,52.2333,11.0167,WB,263,7,194,7,259.0,267.0,188.0,201.0
8594,52.2833,10.75,WB,262,16,193,16,248.0,271.0,183.0,217.0
8595,52.15,10.95,WB,260,10,190,10,257.0,264.0,181.0,199.0
8598,52.4333,10.85,WB,270,15,198,15,263.0,285.0,171.0,217.0
8606,52.1833,10.7167,WB,260,16,191,16,257.0,266.0,180.0,204.0
8608,52.1667,10.5167,WB,260,14,192,14,253.0,268.0,181.0,210.0
8611,52.1167,10.7167,WB,259,7,193,7,253.0,263.0,186.0,202.0
8614,52.1667,10.55,WB,262,16,193,16,259.0,268.0,184.0,205.0
8616,53.15,8.2,WB,268,16,194,16,258.0,282.0,183.0,205.0
8623,53.2452,7.9053,WB,277,9,198,9,261.0,290.0,193.0,205.0
8631,53.2,7.9833,WB,273,14,198,14,262.0,288.0,189.0,205.0
8644,52.7333,7.7667,WB,279,11,194,13,269.0,293.0,181.0,205.0
8652,53.6833,7.9333,WB,266,15,205,16,258.0,283.0,196.0,214.0
8653,53.5833,7.9,WB,278,16,207,16,263.0,290.0,201.0,222.0
8664,53.3833,8.05,WB,268,3,200,4,268.0,269.0,191.0,207.0
8665,53.3833,8.1,WB,241,3,195,3,205.0,259.0,186.0,210.0
8666,53.4167,7.9833,WB,275,14,209,16,259.0,296.0,192.0,230.0
8670,53.1,8.5333,WB,267,16,204,16,253.0,285.0,188.0,225.0
8671,52.9833,8.2833,WB,267,5,192,5,264.0,269.0,187.0,203.0
8675,53.0667,8.1667,WB,271,14,197,13,263.0,290.0,170.0,210.0
8678,52.75,8.2,WB,265,6,189,7,263.0,270.0,179.0,198.0
8679,52.5167,8.2,WB,267,8,191,8,257.0,275.0,178.0,197.0
8683,52.6667,8.2333,WB,262,9,189,9,250.0,270.0,178.0,207.0
8723,51.3833,6.6,WB,263,15,193,16,240.0,278.0,180.0,214.0
8724,51.2,6.45,WB,270,5,186,5,263.0,280.0,178.0,190.0
8737,51.3333,6.9667,WB,268,3,199,3,265.0,271.0,192.0,204.0
8752,51.15,6.6667,WB,273,16,186,16,263.0,294.0,176.0,205.0
8754,51.1,6.5,WB,266,15,191,15,244.0,283.0,181.0,204.0
8759,51.2833,6.2,WB,275,5,197,5,268.0,278.0,188.0,211.0
8764,51.25,6.4833,WB,273,3,186,3,266.0,280.0,181.0,191.0
8765,51.3833,6.45,WB,270,13,191,15,252.0,283.0,181.0,212.0
8767,51.2333,6.55,WB,269,7,189,7,266.0,274.0,181.0,205.0
8772,51.7,6.1667,WB,272,8,190,15,262.0,291.0,180.0,204.0
8776,51.7833,6.0167,WB,266,4,190,14,254.0,274.0,180.0,206.0
8779,51.6667,6.2667,WB,273,16,192,16,263.0,289.0,177.0,211.0
8780,51.7833,6.45,WB,259,3,182,3,245.0,277.0,172.0,190.0
8800,51.4167,6.9667,WB,271,4,195,5,265.0,278.0,190.0,205.0
8804,51.5333,6.7,WB,264,3,198,3,252.0,275.0,189.0,209.0
8810,51.5167,6.4,WB,262,15,186,15,249.0,275.0,171.0,199.0
8813,51.6333,6.1833,WB,268,4,194,14,249.0,296.0,184.0,204.0
8815,51.5833,6.25,WB,255,7,190,10,240.0,274.0,181.0,201.0
8817,51.45,6.6333,WB,267,16,193,16,263.0,280.0,182.0,209.0
8822,51.5833,6.5333,WB,256,16,186,16,245.0,267.0,177.0,197.0
8824,51.65,6.6167,WB,267,16,182,16,260.0,276.0,171.0,195.0
8836,50.9667,6.75,WB,267,14,190,14,253.0,281.0,179.0,207.0
8841,50.7667,7.1333,WB,267,16,186,16,262.0,278.0,175.0,207.0
8849,50.6667,6.8,WB,264,16,184,16,252.0,289.0,176.0,197.0
8851,50.6833,6.6667,WB,266,16,185,16,262.0,277.0,173.0,202.0
8852,50.6167,6.65,WB,269,12,191,16,264.0,278.0,176.0,205.0
8863,50.9167,6.8167,WB,267,16,193,16,249.0,295.0,182.0,211.0
8869,50.8167,6.95,WB,268,11,184,11,265.0,274.0,177.0,192.0
8885,50.9167,7.5667,WB,273,6,203,7,259.0,293.0,191.0,214.0
8894,51.1,7.3833,WB,262,5,208,13,248.0,272.0,195.0,217.0
8914,50.7632,7.2631,WB,273,16,189,16,256.0,290.0,178.0,204.0
8932,50.8167,6.2667,WB,266,16,192,16,259.0,273.0,184.0,205.0
8934,50.7833,6.2,WB,270,15,193,16,263.0,288.0,179.0,207.0
8940,50.8,6.4167,WB,261,14,184,16,245.0,274.0,171.0,198.0
8949,51.0667,6.1833,WB,271,4,191,5,259.0,279.0,181.0,202.0
8958,50.8833,6.45,WB,265,16,187,16,261.0,270.0,179.0,199.0
8985,50.4833,6.6333,WB,262,8,208,8,253.0,271.0,201.0,213.0
8990,50.9167,6.1167,WB,259,16,189,16,249.0,289.0,181.0,203.0
8998,51.9667,7.6333,WB,266,15,193,15,261.0,272.0,181.0,203.0
9001,51.9968,6.9732,WB,264,3,194,4,259.0,272.0,184.0,204.0
9012,51.7,7.8333,WB,268,16,195,16,260.0,283.0,182.0,207.0
9015,51.8042,8.2049,WB,261,16,190,16,248.0,269.0,180.0,204.0
9020,51.8833,6.6667,WB,280,14,192,15,268.0,290.0,185.0,213.0
9027,51.95,7.1833,WB,261,15,190,16,253.0,271.0,171.0,207.0
9028,51.9667,7.3,WB,264,15,192,15,255.0,272.0,183.0,205.0
9030,51.8333,7.3,WB,276,11,192,13,264.0,287.0,181.0,209.0
9035,51.7,7.75,WB,270,16,189,16,260.0,286.0,172.0,204.0
9050,51.9333,7.5333,WB,268,3,187,3,263.0,278.0,181.0,193.0
9052,51.9167,7.8167,WB,276,12,195,13,270.0,284.0,181.0,205.0
9055,52.15,7.3333,WB,274,6,193,5,267.0,280.0,185.0,204.0
9057,52.15,7.6,WB,268,6,190,6,244.0,298.0,178.0,205.0
9060,52.0833,7.4833,WB,266,7,188,7,261.0,271.0,180.0,195.0
9074,52.2667,7.7833,WB,261,7,197,7,257.0,267.0,185.0,207.0
9076,52.3333,7.5167,WB,275,13,191,13,268.0,291.0,169.0,204.0
9080,51.95,7.9833,WB,269,16,190,16,254.0,279.0,181.0,203.0
9084,51.9667,8.2333,WB,275,13,192,13,267.0,293.0,177.0,205.0
9087,51.5833,7.0667,WB,278,16,195,16,267.0,296.0,182.0,205.0
9088,51.6167,7.2,WB,272,7,196,7,263.0,283.0,183.0,211.0
9109,52.0833,8.5167,WB,261,16,192,16,255.0,269.0,181.0,207.0
9111,51.6153,8.8972,WB,254,9,201,9,248.0,278.0,182.0,211.0
9113,51.6833,8.5667,WB,265,4,187,9,262.0,270.0,172.0,203.0
9121,51.9,9.1667,WB,260,11,193,11,254.0,268.0,182.0,209.0
9130,52.1,8.3,WB,261,7,194,7,249.0,267.0,191.0,197.0
9136,52.05,8.4333,WB,261,13,197,12,250.0,269.0,185.0,206.0
9138,52.2,8.6,WB,252,10,188,10,238.0,262.0,173.0,200.0
9143,52.15,8.8,WB,260,16,193,16,233.0,268.0,182.0,204.0
9147,51.7167,9.1833,WB,263,3,199,3,259.0,267.0,190.0,205.0
9155,51.8333,9.0667,WB,264,16,205,16,263.0,269.0,182.0,217.0
9156,51.85,9.2833,WB,264,3,203,3,259.0,272.0,202.0,205.0
9161,51.9833,8.6667,WB,265,16,191,16,261.0,274.0,180.0,204.0
9164,52.1,8.9333,WB,257,16,196,16,240.0,264.0,188.0,205.0
9169,52.4167,8.6167,WB,271,16,188,16,263.0,283.0,162.0,202.0
9178,52.4333,8.6167,WB,249,5,197,5,234.0,261.0,196.0,199.0
9180,52.3,8.9167,WB,262,8,191,8,258.0,269.0,181.0,199.0
9187,52.25,8.7333,WB,265,16,193,16,259.0,275.0,183.0,203.0
9189,52.4,9.1,WB,262,4,189,5,259.0,269.0,181.0,195.0
9196,51.65,8.7333,WB,257,11,188,13,241.0,268.0,171.0,204.0
9198,51.7333,8.6833,WB,265,16,193,16,253.0,278.0,172.0,227.0
9199,51.7667,8.6667,WB,277,6,205,6,274.0,281.0,202.0,208.0
9200,51.7333,8.7167,WB,270,15,200,16,254.0,293.0,172.0,211.0
9202,51.5833,9.25,WB,261,16,194,16,257.0,267.0,183.0,205.0
9203,51.5833,9.3,WB,258,16,195,16,240.0,274.0,181.0,213.0
9205,51.6667,9.05,WB,256,5,193,6,248.0,262.0,185.0,204.0
9213,51.9167,8.3833,WB,281,12,197,12,273.0,289.0,193.0,204.0
9241,51.35,7.95,WB,250,12,199,16,230.0,276.0,184.0,222.0
9243,51.3,8.0333,WB,264,14,204,14,254.0,271.0,195.0,225.0
9245,51.3167,8.0667,WB,262,11,198,11,256.0,279.0,192.0,205.0
9247,51.45,8.35,WB,256,4,199,14,249.0,265.0,170.0,214.0
9256,51.2,8.7,WB,251,3,207,6,246.0,255.0,195.0,225.0
9265,51.45,7.6667,WB,265,5,190,6,246.0,287.0,181.0,203.0
9269,51.6667,8.35,WB,264,13,188,13,261.0,269.0,173.0,205.0
9273,51.5333,8.2833,WB,261,11,196,11,252.0,272.0,188.0,209.0
9275,51.6167,8.3333,WB,260,12,188,13,254.0,272.0,175.0,205.0
9276,51.45,8.4333,WB,255,14,203,14,237.0,271.0,195.0,215.0
9278,51.35,8.3333,WB,269,16,200,16,256.0,282.0,188.0,226.0
9291,51.15,8.2833,WB,255,16,205,14,231.0,270.0,199.0,223.0
9299,51.1333,7.9833,WB,263,16,201,16,259.0,272.0,194.0,213.0
9318,50.8833,8.1667,WB,258,8,215,9,240.0,283.0,195.0,230.0
9319,50.9167,8.1,WB,257,16,206,16,228.0,277.0,184.0,229.0
9326,51.5,8.05,WB,260,16,190,16,256.0,269.0,172.0,203.0
9337,50.9833,8.4667,WB,276,5,222,6,273.0,280.0,214.0,230.0
9351,51.35,7.4333,WB,264,12,194,12,260.0,271.0,179.0,219.0
9363,51.4189,7.425,WB,265,16,195,16,259.0,269.0,183.0,206.0
9372,51.4333,7.5833,WB,265,16,196,15,261.0,274.0,187.0,205.0
9374,51.5833,7.6667,WB,266,16,193,16,263.0,279.0,182.0,206.0
9379,51.5833,7.8833,WB,268,7,191,7,264.0,272.0,185.0,203.0
9389,50.75,9.4667,WB,255,15,201,16,245.0,265.0,186.0,226.0
9391,50.6167,9.2167,WB,253,9,202,9,241.0,265.0,196.0,209.0
9392,50.6167,9.1167,WB,258,10,194,10,250.0,270.0,181.0,208.0
9401,49.6667,8.65,WB,272,15,185,16,260.0,288.0,175.0,199.0
9416,50.45,9.1333,WB,265,9,198,9,259.0,271.0,184.0,211.0
9420,50.4167,8.9833,WB,249,4,190,5,230.0,267.0,181.0,198.0
9429,49.8,8.6,WB,262,16,189,15,245.0,287.0,171.0,208.0
9434,49.7667,8.8833,WB,265,14,192,16,235.0,294.0,178.0,204.0
9436,49.8667,9.0167,WB,265,12,190,14,259.0,274.0,181.0,204.0
9450,49.75,9.1,WB,267,5,194,7,258.0,272.0,186.0,208.0
9455,49.7333,9.0,WB,265,16,191,16,260.0,271.0,181.0,206.0
9456,49.6833,9.0,WB,266,16,191,16,262.0,270.0,182.0,198.0
9461,49.7167,8.8333,WB,267,15,187,15,252.0,275.0,180.0,199.0
9462,49.7833,9.0333,WB,270,16,193,16,262.0,283.0,183.0,204.0
9468,50.3333,8.75,WB,262,10,191,10,257.0,271.0,179.0,204.0
9478,50.4,8.8167,WB,266,11,193,5,250.0,280.0,187.0,202.0
9480,50.5833,8.75,WB,264,10,193,13,258.0,273.0,181.0,203.0
9490,50.5167,8.8167,WB,268,16,193,16,259.0,291.0,182.0,205.0
9500,49.9167,8.4833,WB,281,3,181,5,272.0,292.0,174.0,185.0
9501,49.9667,8.5667,WB,281,14,190,14,274.0,287.0,113.0,208.0
9504,50.6333,9.45,WB,257,16,193,16,248.0,264.0,182.0,201.0
9505,50.4667,9.3167,WB,265,16,206,16,258.0,277.0,194.0,218.0
9508,50.5667,9.35,WB,271,8,208,7,261.0,278.0,199.0,218.0
9522,50.05,8.9333,WB,253,16,187,16,234.0,278.0,178.0,201.0
9530,50.1167,8.9167,WB,261,16,185,16,254.0,275.0,175.0,205.0
9531,50.55,9.6667,WB,263,11,193,11,252.0,277.0,181.0,205.0
9534,50.8167,8.7833,WB,264,12,192,12,258.0,269.0,179.0,204.0
9535,51.1833,9.9333,WB,260,12,191,13,252.0,269.0,182.0,202.0
9536,51.1833,10.1167,WB,262,16,195,16,249.0,271.0,181.0,210.0
9540,51.2,10.0667,WB,263,11,190,11,253.0,271.0,176.0,201.0
9542,51.2167,10.0167,WB,261,16,194,16,250.0,272.0,180.0,210.0
9550,50.9833,8.7333,WB,257,16,193,16,234.0,267.0,169.0,205.0
9558,51.1667,8.9,WB,257,4,191,4,240.0,269.0,188.0,196.0
9568,51.0333,9.4,WB,264,16,191,16,259.0,270.0,179.0,206.0
9571,50.9833,9.2667,WB,259,16,189,16,240.0,277.0,175.0,201.0
9592,50.6167,9.7167,WB,253,7,198,7,228.0,269.0,181.0,216.0
9593,50.5667,9.7667,WB,264,15,194,16,258.0,277.0,178.0,209.0
9598,50.5667,9.7167,WB,260,3,192,6,259.0,263.0,180.0,204.0
9603,50.5333,9.65,WB,258,3,190,3,256.0,261.0,186.0,193.0
9604,50.6333,10.0167,WB,257,5,186,7,255.0,262.0,174.0,192.0
9607,50.5,10.0167,WB,264,15,205,14,260.0,272.0,196.0,217.0
9611,50.8333,9.5667,WB,258,9,192,9,247.0,268.0,181.0,205.0
9614,50.85,10.0,WB,259,11,193,14,248.0,273.0,181.0,203.0
9618,51.45,9.4167,WB,256,16,190,16,178.0,268.0,132.0,206.0
9619,51.4833,9.25,WB,265,15,195,16,249.0,285.0,182.0,210.0
9621,51.4,9.4667,WB,264,16,195,16,258.0,274.0,181.0,209.0
9626,51.4667,9.4833,WB,264,4,204,4,258.0,270.0,201.0,207.0
9634,50.75,9.8167,WB,264,8,197,16,258.0,274.0,182.0,210.0
9643,50.7833,9.8667,WB,258,3,189,3,258.0,259.0,181.0,195.0
9645,51.2667,9.3833,WB,261,11,192,11,257.0,267.0,182.0,206.0
9646,51.2833,9.6,WB,256,16,191,16,250.0,267.0,182.0,205.0
9649,51.3833,9.5167,WB,262,16,195,16,257.0,269.0,184.0,208.0
9651,51.2333,9.5667,WB,262,16,199,16,254.0,270.0,188.0,212.0
9663,50.6833,8.6,WB,264,16,196,16,260.0,271.0,186.0,210.0
9667,50.85,9.1167,WB,262,16,194,13,252.0,272.0,172.0,207.0
9668,50.7333,8.7,WB,259,14,187,15,256.0,268.0,178.0,204.0
9675,50.8833,8.9833,WB,259,5,186,5,253.0,264.0,172.0,191.0
9680,51.1667,9.6667,WB,267,6,204,4,262.0,278.0,200.0,210.0
9684,51.1,9.5333,WB,262,16,193,15,253.0,295.0,179.0,203.0
9691,51.0333,9.9,WB,256,8,193,8,251.0,262.0,182.0,207.0
9697,50.9833,9.5333,WB,262,15,197,15,245.0,273.0,185.0,205.0
9698,51.0167,9.9333,WB,259,16,197,13,248.0,275.0,188.0,205.0
9702,50.95,10.0333,WB,253,7,192,7,237.0,263.0,171.0,206.0
9703,50.95,9.9667,WB,262,6,192,6,251.0,271.0,182.0,202.0
9706,50.95,9.8667,WB,252,16,196,16,236.0,264.0,186.0,210.0
9723,51.35,8.7333,WB,262,9,201,9,251.0,266.0,195.0,209.0
9730,51.3333,8.9,WB,259,10,193,10,254.0,263.0,184.0,205.0
9732,51.4667,9.0167,WB,261,16,198,16,253.0,272.0,186.0,216.0
9735,51.35,8.7,WB,253,8,203,8,242.0,265.0,196.0,210.0
9741,51.5167,9.0,WB,261,3,202,3,257.0,267.0,199.0,205.0
9764,51.45,9.25,WB,262,16,186,16,258.0,267.0,106.0,204.0
9766,51.3333,9.1667,WB,246,3,193,4,246.0,248.0,191.0,194.0
9768,51.241,9.2629,WB,258,16,193,16,231.0,266.0,169.0,206.0
9770,50.9,9.2167,WB,258,8,185,8,248.0,264.0,176.0,203.0
9776,50.8667,9.35,WB,263,16,196,16,256.0,270.0,185.0,210.0
9777,50.8667,9.4667,WB,262,16,198,16,254.0,273.0,189.0,208.0
9778,51.0,9.0667,WB,260,15,193,15,253.0,268.0,180.0,205.0
9794,50.05,8.3,WB,256,5,194,5,244.0,267.0,184.0,213.0
9798,50.8,8.5833,WB,261,16,195,16,254.0,267.0,181.0,205.0
9825,50.1167,9.4833,WB,261,8,201,8,258.0,264.0,193.0,209.0
9833,50.15,8.75,WB,263,16,190,16,237.0,272.0,172.0,203.0
9835,50.15,8.8333,WB,264,4,192,6,253.0,283.0,158.0,209.0
9837,50.1667,8.9833,WB,270,11,192,11,256.0,292.0,180.0,202.0
9842,50.45,8.0333,WB,261,14,190,16,251.0,271.0,170.0,211.0
9845,50.3167,8.15,WB,265,3,190,3,264.0,266.0,180.0,200.0
9848,50.3833,8.0333,WB,265,16,191,16,259.0,274.0,179.0,204.0
9852,50.0167,8.4333,WB,275,6,191,6,270.0,278.0,177.0,201.0
9860,50.1167,8.3667,WB,267,12,195,15,255.0,277.0,184.0,208.0
9872,50.0167,7.95,WB,266,16,194,16,261.0,274.0,183.0,205.0
9883,50.2833,9.3667,WB,269,9,187,9,258.0,283.0,181.0,201.0
9885,50.3,9.3667,WB,261,14,186,16,244.0,277.0,172.0,206.0
9894,50.2167,8.2667,WB,262,10,190,10,255.0,267.0,182.0,199.0
9896,50.1667,8.0667,WB,271,7,202,9,258.0,288.0,189.0,218.0
9901,50.3,8.5167,WB,256,11,205,14,232.0,271.0,191.0,223.0
9905,50.25,8.35,WB,253,11,200,11,242.0,262.0,187.0,219.0
9911,50.5667,8.2833,WB,263,14,198,14,245.0,273.0,188.0,209.0
9913,50.5167,8.3833,WB,258,7,196,9,240.0,278.0,180.0,213.0
9920,50.6167,8.6333,WB,263,15,196,15,236.0,290.0,172.0,209.0
9923,50.5333,8.5,WB,265,16,196,16,258.0,273.0,186.0,213.0
9925,50.675,8.7067,WB,255,11,191,11,234.0,266.0,167.0,205.0
9942,50.45,7.2167,WB,240,7,207,7,232.0,255.0,201.0,218.0
9954,50.6833,7.6833,WB,258,9,192,10,254.0,270.0,182.0,203.0
9955,50.7333,7.9667,WB,258,4,199,4,253.0,263.0,195.0,203.0
9968,49.6333,7.2833,WB,252,16,193,16,244.0,268.0,179.0,206.0
9975,49.75,7.3,WB,262,7,198,8,257.0,269.0,193.0,206.0
9983,50.1167,7.05,WB,265,12,198,13,261.0,272.0,193.0,210.0
9993,49.8833,7.8,WB,263,9,194,9,250.0,276.0,186.0,220.0
9996,49.7833,7.65,WB,266,10,195,10,255.0,273.0,191.0,201.0
10000,49.8667,7.65,WB,262,16,194,15,248.0,272.0,184.0,209.0
10010,50.3,7.1667,WB,263,15,195,15,253.0,275.0,178.0,211.0
10015,50.3333,7.3167,WB,258,16,185,16,247.0,269.0,177.0,199.0
10024,50.5667,7.6167,WB,247,16,201,16,238.0,268.0,183.0,212.0
10031,50.1667,7.55,WB,262,15,197,15,254.0,270.0,186.0,225.0
10040,49.9833,7.6,WB,262,15,199,14,257.0,270.0,189.0,209.0
10045,49.9667,7.3,WB,260,16,197,16,256.0,268.0,190.0,204.0
10050,49.7333,6.65,WB,264,16,198,16,244.0,279.0,182.0,213.0
10051,49.85,7.1167,WB,277,6,206,6,263.0,287.0,194.0,220.0
10052,49.8833,7.2167,WB,264,16,203,16,251.0,273.0,190.0,214.0
10059,49.8833,6.9667,WB,270,8,194,8,264.0,277.0,180.0,202.0
10061,49.8333,7.3333,WB,258,16,194,16,252.0,269.0,184.0,203.0
10063,49.7333,7.0,WB,266,6,207,7,257.0,286.0,194.0,234.0
10067,49.9667,6.5,WB,270,11,196,13,256.0,297.0,187.0,212.0
10086,50.3,6.7333,WB,255,13,200,15,242.0,268.0,194.0,209.0
10091,50.2833,6.6333,WB,261,15,205,16,255.0,281.0,190.0,223.0
10093,50.2,6.4167,WB,266,16,205,16,259.0,274.0,197.0,215.0
10110,49.6167,6.4333,WB,266,10,193,16,256.0,275.0,182.0,204.0
10117,49.7,6.9167,WB,260,16,200,16,242.0,274.0,184.0,221.0
10122,49.8,6.7167,WB,271,8,193,8,266.0,277.0,181.0,202.0
10130,49.9833,6.8833,WB,268,11,190,11,260.0,275.0,180.0,205.0
10133,49.9833,6.7667,WB,266,7,195,11,261.0,270.0,183.0,205.0
10134,49.9667,7.0,WB,255,5,190,16,247.0,262.0,183.0,201.0
10140,50.5167,7.9167,WB,271,6,208,6,251.0,292.0,198.0,222.0
10148,50.2333,7.8667,WB,258,14,196,15,246.0,265.0,182.0,208.0
10149,50.1333,7.75,WB,268,16,196,16,258.0,275.0,181.0,214.0
10151,50.1667,7.7333,WB,264,15,192,15,258.0,270.0,183.0,209.0
10164,50.2667,7.9833,WB,261,3,196,3,258.0,266.0,191.0,204.0
10169,50.45,7.9833,WB,260,11,192,13,254.0,271.0,180.0,212.0
10170,50.4333,7.8333,WB,255,16,198,16,233.0,276.0,188.0,208.0
10176,49.6333,8.3667,WB,272,16,180,16,261.0,287.0,173.0,195.0
10181,49.8333,8.0167,WB,261,9,185,8,248.0,267.0,179.0,195.0
10187,49.9167,8.1333,WB,259,3,193,3,254.0,263.0,183.0,202.0
10189,49.9333,8.1,WB,279,9,193,10,262.0,290.0,180.0,206.0
10199,49.6667,8.2333,WB,280,5,190,5,267.0,289.0,182.0,196.0
10218,49.5833,8.1667,WB,274,7,197,7,266.0,283.0,184.0,216.0
10219,49.5,8.0333,WB,267,6,195,7,249.0,277.0,182.0,203.0
10228,49.1167,8.15,WB,273,12,182,14,258.0,285.0,171.0,204.0
10230,49.5,7.9167,WB,265,16,189,16,257.0,272.0,183.0,198.0
10236,49.4667,7.5667,WB,273,12,201,11,265.0,282.0,193.0,211.0
10237,49.5833,7.7,WB,267,6,194,6,255.0,284.0,187.0,203.0
10238,49.5,7.7667,WB,254,16,194,16,233.0,270.0,180.0,211.0
10239,49.3833,7.6333,WB,266,15,198,15,254.0,283.0,184.0,214.0
10242,49.65,8.1,WB,270,15,182,15,263.0,279.0,165.0,198.0
10243,49.6,8.05,WB,256,4,196,5,251.0,264.0,185.0,216.0
10247,49.45,7.3167,WB,260,16,196,16,233.0,269.0,186.0,204.0
10259,49.5667,7.6167,WB,267,10,195,10,261.0,277.0,187.0,204.0
10268,49.4571,8.2892,WB,278,16,194,16,268.0,285.0,184.0,207.0
10283,49.1167,7.5667,WB,272,5,202,6,265.0,278.0,193.0,208.0
10288,49.2939,7.6128,WB,265,16,193,16,254.0,275.0,182.0,204.0
10295,49.5833,7.7667,WB,265,16,188,16,259.0,278.0,178.0,201.0
10306,49.35,7.4167,WB,263,15,193,16,259.0,270.0,178.0,204.0
10326,49.0167,10.2167,WB,257,16,191,16,245.0,272.0,169.0,209.0
10329,48.8667,10.25,WB,254,5,204,6,236.0,269.0,201.0,209.0
10330,48.75,10.3333,WB,252,15,194,16,232.0,272.0,179.0,210.0
10331,48.8833,9.9667,WB,265,3,197,5,256.0,270.0,168.0,211.0
10338,48.9333,9.3667,WB,268,5,186,6,264.0,271.0,179.0,198.0
10341,48.9833,9.3667,WB,261,16,190,16,236.0,275.0,178.0,207.0
10353,48.7,9.0,WB,267,16,195,16,259.0,276.0,182.0,211.0
10360,49.25,9.95,WB,265,16,197,16,255.0,278.0,181.0,207.0
10364,49.1333,10.2333,WB,266,16,200,16,257.0,275.0,191.0,209.0
10367,49.1333,10.1833,WB,256,16,197,16,250.0,268.0,188.0,207.0
10373,48.7244,9.2468,WB,264,15,191,16,258.0,274.0,177.0,201.0
10374,48.75,9.4833,WB,272,10,194,10,262.0,288.0,181.0,205.0
10382,48.6833,9.5167,WB,262,8,189,9,249.0,278.0,176.0,201.0
10387,48.6333,10.0167,WB,264,14,206,14,241.0,285.0,188.0,233.0
10396,49.2167,9.1,WB,268,16,182,16,258.0,278.0,167.0,197.0
10403,49.0833,9.1,WB,272,13,197,13,265.0,298.0,194.0,202.0
10405,49.2667,9.4,WB,264,4,194,4,255.0,275.0,184.0,213.0
10406,49.0833,9.15,WB,266,9,186,11,247.0,290.0,171.0,202.0
10412,49.15,9.3667,WB,268,5,187,5,264.0,273.0,177.0,198.0
10416,49.3833,9.7,WB,264,16,194,14,250.0,276.0,181.0,207.0
10422,48.8667,9.0333,WB,268,16,186,16,249.0,297.0,176.0,203.0
10426,48.8667,8.8667,WB,248,14,191,14,83.0,279.0,174.0,201.0
10427,48.7667,8.9333,WB,252,3,211,3,244.0,257.0,204.0,224.0
10431,48.9667,9.1333,WB,271,16,187,16,262.0,280.0,179.0,200.0
10439,48.9,9.0833,WB,260,6,190,16,258.0,267.0,178.0,201.0
10444,49.4333,10.1167,WB,257,15,189,15,248.0,268.0,173.0,206.0
10449,49.4833,9.7667,WB,266,16,188,16,258.0,281.0,171.0,203.0
10450,49.5333,9.9,WB,269,16,190,16,258.0,283.0,171.0,199.0
10451,49.4833,10.0,WB,260,15,192,14,231.0,277.0,180.0,205.0
10453,49.4333,9.8833,WB,259,5,186,5,255.0,270.0,179.0,198.0
10458,48.65,9.4667,WB,267,16,192,16,259.0,277.0,179.0,204.0
10461,48.65,9.5333,WB,280,3,193,13,273.0,290.0,181.0,208.0
10463,48.6167,9.5333,WB,265,3,188,3,263.0,270.0,180.0,198.0
10467,49.2333,9.6333,WB,257,3,188,3,251.0,262.0,180.0,198.0
10470,49.15,9.6167,WB,263,9,201,8,254.0,271.0,185.0,214.0
10473,49.25,9.5667,WB,260,8,195,8,253.0,272.0,177.0,205.0
10474,48.8,9.9333,WB,272,3,201,3,263.0,287.0,199.0,203.0
10476,48.8333,9.8,WB,258,6,192,7,243.0,274.0,180.0,202.0
10480,49.0167,9.9,WB,260,4,196,8,258.0,265.0,182.0,210.0
10487,49.0833,9.8833,WB,265,16,195,16,248.0,281.0,185.0,207.0
10491,48.5,10.1167,WB,265,16,197,16,258.0,277.0,186.0,203.0
10492,48.55,9.8,WB,261,16,205,16,249.0,275.0,195.0,212.0
10496,49.0667,8.8,WB,262,16,186,16,244.0,277.0,175.0,198.0
10498,48.9667,8.9667,WB,268,6,186,14,252.0,277.0,170.0,201.0
10511,48.8833,9.35,WB,270,15,183,13,258.0,282.0,171.0,205.0
10525,49.1333,8.5833,WB,275,16,196,16,251.0,297.0,164.0,214.0
10526,49.1,8.65,WB,267,16,183,16,258.0,275.0,175.0,195.0
10538,49.4,9.4,WB,253,14,193,13,245.0,271.0,181.0,203.0
10540,49.4,9.5667,WB,260,12,190,13,254.0,272.0,179.0,202.0
10541,49.5333,9.55,WB,261,16,194,16,256.0,269.0,181.0,206.0
10542,49.5333,9.3167,WB,262,16,194,15,257.0,269.0,181.0,204.0
10543,49.6333,9.4167,WB,261,5,193,5,258.0,265.0,181.0,203.0
10544,49.3667,9.6167,WB,258,10,191,10,249.0,265.0,175.0,204.0
10549,49.4667,9.5833,WB,264,16,192,16,253.0,273.0,180.0,205.0
10556,49.3333,8.75,WB,269,12,189,16,258.0,288.0,176.0,201.0
10561,49.3833,8.8,WB,267,8,185,8,259.0,272.0,176.0,194.0
10564,49.2667,8.75,WB,245,16,182,16,74.0,271.0,142.0,215.0
10565,49.3833,8.8833,WB,259,3,197,3,252.0,265.0,188.0,202.0
10570,49.0333,8.7,WB,270,16,184,16,263.0,277.0,165.0,202.0
10572,49.0833,8.3833,WB,256,16,194,16,241.0,263.0,185.0,203.0
10576,49.0167,8.5,WB,264,9,181,11,246.0,289.0,170.0,193.0
10578,48.9667,8.3,WB,268,11,186,11,251.0,281.0,177.0,201.0
10583,49.4,8.5333,WB,278,16,181,16,265.0,293.0,169.0,199.0
10597,49.4667,9.2167,WB,270,3,194,8,269.0,272.0,184.0,207.0
10600,49.4167,9.2833,WB,261,16,191,16,241.0,273.0,181.0,202.0
10606,48.9,8.5667,WB,271,13,190,14,262.0,280.0,177.0,202.0
10612,49.1833,8.9833,WB,263,4,186,4,260.0,268.0,180.0,194.0
10616,49.3333,8.9167,WB,272,7,195,7,270.0,277.0,185.0,202.0
10619,49.3333,8.95,WB,261,16,185,16,245.0,272.0,177.0,198.0
10622,49.0833,8.85,WB,275,9,191,8,267.0,285.0,185.0,200.0
10631,49.1,8.85,WB,235,9,192,9,82.0,293.0,183.0,202.0
10633,49.7667,9.6167,WB,251,4,183,5,237.0,264.0,171.0,189.0
10634,49.75,9.3167,WB,267,8,192,8,261.0,272.0,180.0,199.0
10635,49.7,9.8,WB,265,7,193,7,259.0,272.0,182.0,203.0
10643,49.6667,9.65,WB,263,12,189,15,254.0,271.0,180.0,199.0
10644,49.6833,9.6833,WB,260,7,188,7,253.0,266.0,181.0,198.0
10645,49.75,9.4833,WB,263,15,195,16,257.0,269.0,183.0,208.0
10651,48.7,8.1333,WB,262,15,182,16,248.0,285.0,171.0,199.0
10653,48.6167,8.05,WB,270,16,181,16,260.0,280.0,172.0,203.0
10658,47.9,8.4333,WB,256,5,203,5,248.0,271.0,190.0,210.0
10659,47.95,8.5,WB,259,16,200,16,253.0,265.0,189.0,209.0
10664,47.9333,8.7333,WB,258,3,208,3,256.0,260.0,205.0,213.0
10669,48.1167,8.0,WB,276,7,202,7,273.0,280.0,196.0,209.0
10672,48.1333,7.7,WB,283,5,181,6,272.0,291.0,174.0,191.0
10689,48.4667,7.8167,WB,282,6,185,6,278.0,286.0,180.0,197.0
10699,47.7667,8.7833,WB,268,9,188,6,264.0,272.0,180.0,200.0
10700,47.7333,9.0667,WB,265,16,185,16,256.0,272.0,176.0,200.0
10706,47.8167,8.6667,WB,260,16,199,16,241.0,271.0,180.0,210.0
10708,48.3333,7.8833,WB,275,16,194,16,251.0,302.0,171.0,208.0
10723,47.65,7.8333,WB,263,7,189,7,257.0,270.0,181.0,199.0
10725,47.6,7.6333,WB,274,14,183,16,258.0,292.0,174.0,197.0
10729,47.8667,7.6,WB,284,16,181,16,268.0,301.0,172.0,194.0
10731,47.8167,7.6333,WB,278,16,185,14,267.0,299.0,172.0,205.0
10751,48.5333,8.0833,WB,277,13,182,15,270.0,291.0,172.0,194.0
10752,48.4667,7.95,WB,269,16,181,16,257.0,284.0,166.0,196.0
10767,47.6,7.8833,WB,259,14,186,14,245.0,279.0,171.0,201.0
10775,48.0,9.0333,WB,261,16,204,16,249.0,274.0,191.0,218.0
10786,47.7667,9.3167,WB,271,16,194,16,262.0,286.0,181.0,204.0
10790,48.15,8.25,WB,265,8,225,9,261.0,273.0,209.0,240.0
10801,47.6271,8.1475,WB,268,16,202,16,260.0,276.0,187.0,210.0
10802,47.7167,8.4333,WB,265,12,200,16,250.0,278.0,186.0,212.0
10810,48.2833,8.0833,WB,283,16,183,16,279.0,290.0,174.0,197.0
10812,48.4167,8.0833,WB,274,9,193,9,261.0,300.0,179.0,209.0
10816,48.2833,8.85,WB,265,16,203,16,248.0,288.0,186.0,216.0
10824,48.2,9.7667,WB,257,13,193,13,240.0,272.0,181.0,201.0
10830,48.0167,9.65,WB,263,5,196,5,261.0,272.0,181.0,206.0
10839,48.6333,8.6333,WB,267,16,204,16,257.0,279.0,192.0,231.0
10848,48.2833,9.7167,WB,262,16,196,16,256.0,271.0,180.0,211.0
10851,48.35,9.8167,WB,260,16,194,16,244.0,274.0,181.0,209.0
10859,48.4167,8.4667,WB,269,7,215,11,251.0,289.0,197.0,235.0
10861,48.4167,8.5,WB,261,13,214,13,236.0,295.0,197.0,231.0
10865,48.3167,9.0667,WB,255,9,212,9,230.0,271.0,189.0,235.0
10869,48.45,8.6833,WB,256,16,191,16,248.0,264.0,181.0,205.0
10886,47.7667,9.5333,WB,268,5,196,9,259.0,273.0,180.0,212.0
10887,47.9333,9.75,WB,265,11,193,11,257.0,272.0,180.0,208.0
10894,48.5333,9.2,WB,262,15,183,16,249.0,277.0,169.0,196.0
10903,48.1667,8.6333,WB,247,10,202,10,232.0,283.0,191.0,217.0
10906,47.9333,9.55,WB,264,16,200,16,256.0,273.0,187.0,213.0
10907,48.0833,9.3667,WB,278,14,207,15,260.0,293.0,190.0,223.0
10909,48.1833,9.5,WB,248,10,194,13,231.0,273.0,187.0,206.0
10916,47.9833,9.3333,WB,265,4,198,4,261.0,273.0,193.0,201.0
10918,48.1833,9.2833,WB,258,4,214,3,252.0,263.0,203.0,232.0
10919,48.0667,9.1833,WB,260,10,198,11,253.0,272.0,189.0,205.0
10920,48.0167,9.25,WB,263,16,195,16,235.0,283.0,139.0,212.0
10932,48.4167,9.05,WB,259,8,193,8,256.0,265.0,182.0,202.0
10935,48.4667,8.9333,WB,260,16,188,16,257.0,270.0,171.0,208.0
10954,48.05,10.8833,WB,262,16,193,15,232.0,272.0,177.0,204.0
10962,47.8667,12.1333,WB,278,15,188,14,263.0,291.0,174.0,209.0
10964,48.4667,11.1333,WB,268,8,187,11,258.0,295.0,174.0,198.0
10968,48.5833,11.0833,WB,264,16,190,16,253.0,275.0,179.0,203.0
10970,48.2333,12.6833,WB,263,4,188,7,251.0,273.0,180.0,201.0
10971,48.15,12.8333,WB,270,14,186,15,261.0,280.0,167.0,201.0
10983,47.85,12.0667,WB,267,16,187,16,252.0,278.0,173.0,199.0
10996,48.3833,11.4167,WB,258,14,189,16,247.0,270.0,173.0,201.0
11003,48.0333,11.9,WB,257,7,196,9,244.0,268.0,182.0,206.0
11004,48.05,11.95,WB,262,15,190,14,257.0,270.0,176.0,200.0
11009,48.3167,11.9167,WB,265,14,188,15,240.0,274.0,171.0,199.0
11010,48.2833,11.8333,WB,270,15,189,16,262.0,281.0,179.0,204.0
11012,48.3833,12.1833,WB,261,9,185,15,252.0,271.0,169.0,197.0
11032,48.7833,11.6,WB,268,16,189,16,261.0,277.0,175.0,200.0
11033,48.7833,11.2833,WB,264,16,186,16,258.0,274.0,173.0,201.0
11035,47.95,11.1,WB,268,13,195,14,257.0,275.0,183.0,210.0
11045,48.05,11.1,WB,259,3,189,3,256.0,262.0,181.0,200.0
11049,47.9333,12.9333,WB,261,6,181,6,257.0,268.0,172.0,189.0
11055,48.0667,12.7667,WB,276,7,199,7,267.0,284.0,185.0,222.0
11071,48.35,12.45,WB,264,16,188,16,257.0,277.0,176.0,200.0
11076,48.1167,11.7333,WB,272,8,192,9,264.0,285.0,180.0,212.0
11080,48.0167,11.7333,WB,269,7,203,5,258.0,276.0,198.0,212.0
11087,48.6,11.6333,WB,261,13,191,13,254.0,270.0,176.0,202.0
11088,47.75,12.1167,WB,254,16,186,16,171.0,270.0,143.0,208.0
11099,47.8167,10.9,WB,257,14,203,13,246.0,272.0,185.0,217.0
11100,48.45,11.35,WB,265,15,193,16,260.0,275.0,181.0,200.0
11101,48.6333,11.3167,WB,257,16,186,16,250.0,264.0,171.0,201.0
11110,48.0,11.1667,WB,265,8,187,9,258.0,275.0,179.0,200.0
11129,48.0833,12.5667,WB,259,12,195,13,242.0,273.0,171.0,232.0
11131,48.0333,12.55,WB,261,16,197,16,251.0,273.0,181.0,210.0
11137,47.9833,12.1333,WB,258,15,203,15,250.0,268.0,186.0,210.0
11162,48.8333,12.9667,WB,265,9,186,16,255.0,275.0,170.0,199.0
11163,48.8833,12.6,WB,262,15,184,15,256.0,275.0,173.0,195.0
11170,49.0667,12.6167,WB,265,16,196,16,253.0,280.0,171.0,216.0
11174,48.8167,12.8,WB,263,16,185,16,258.0,267.0,171.0,200.0
11176,48.6167,12.5333,WB,262,8,187,8,248.0,271.0,172.0,195.0
11177,48.65,12.5667,WB,254,8,188,8,249.0,261.0,174.0,199.0
11193,48.85,13.3333,WB,286,5,207,6,279.0,295.0,191.0,218.0
11203,48.4,13.3167,WB,267,16,183,16,258.0,274.0,171.0,194.0
11207,48.8167,11.85,WB,256,6,191,6,251.0,262.0,180.0,200.0
11208,48.9333,11.8667,WB,267,10,188,10,260.0,275.0,176.0,199.0
11211,48.9,12.0167,WB,265,12,189,15,255.0,277.0,172.0,199.0
11214,49.1333,12.7333,WB,263,16,188,16,256.0,272.0,177.0,199.0
11217,48.65,12.9,WB,290,9,205,11,271.0,302.0,200.0,209.0
11220,48.5833,12.1833,WB,280,16,194,16,266.0,289.0,175.0,205.0
11221,48.6167,12.2,WB,261,16,192,16,248.0,267.0,180.0,201.0
11222,48.6333,12.35,WB,267,4,187,4,264.0,271.0,180.0,193.0
11224,48.5667,11.75,WB,259,10,193,10,244.0,281.0,173.0,205.0
11228,48.7333,12.3,WB,262,16,188,16,254.0,279.0,180.0,201.0
11241,48.4833,13.4333,WB,264,15,187,15,259.0,275.0,172.0,199.0
11243,48.3,13.15,WB,267,16,189,16,258.0,280.0,173.0,200.0
11245,48.4333,13.0167,WB,260,5,183,5,254.0,271.0,180.0,188.0
11246,48.3333,13.1167,WB,263,12,185,12,256.0,275.0,170.0,198.0
11249,48.4,13.0,WB,261,15,185,16,248.0,276.0,170.0,201.0
11254,48.9667,13.1333,WB,270,16,197,16,255.0,277.0,182.0,204.0
11266,49.0833,12.8833,WB,262,12,192,12,260.0,272.0,175.0,204.0
11271,48.4667,12.5667,WB,263,16,188,16,244.0,272.0,170.0,210.0
11272,48.45,12.35,WB,264,7,193,7,258.0,272.0,179.0,201.0
11274,48.7167,13.2833,WB,269,4,198,5,264.0,277.0,188.0,222.0
11276,48.55,13.2333,WB,257,9,184,9,246.0,269.0,171.0,200.0
11295,48.75,13.5167,WB,269,6,203,8,261.0,276.0,190.0,217.0
11305,49.3333,12.1167,WB,260,5,184,5,258.0,270.0,172.0,199.0
11307,49.4,12.0167,WB,261,16,188,16,250.0,267.0,175.0,199.0
11309,49.5333,11.8,WB,263,3,203,3,263.0,264.0,197.0,206.0
11314,49.6,11.75,WB,265,16,198,16,250.0,280.0,182.0,210.0
11317,49.6167,11.8167,WB,263,16,195,16,251.0,279.0,181.0,214.0
11320,49.0333,11.4833,WB,264,10,195,6,260.0,270.0,188.0,210.0
11326,49.1667,11.9667,WB,261,16,191,16,253.0,272.0,178.0,203.0
11328,49.2667,11.9167,WB,263,16,199,16,253.0,268.0,191.0,210.0
11333,49.3167,12.85,WB,261,16,196,16,256.0,268.0,183.0,210.0
11334,49.2167,12.7667,WB,268,16,196,16,259.0,278.0,176.0,224.0
11339,49.7333,11.9,WB,281,3,186,5,270.0,289.0,179.0,199.0
11343,49.3833,11.65,WB,259,15,199,15,232.0,273.0,186.0,214.0
11344,49.8667,11.9,WB,261,16,190,16,253.0,269.0,178.0,207.0
11345,49.95,12.0333,WB,252,16,206,16,232.0,266.0,183.0,226.0
11352,49.1667,11.45,WB,263,16,188,16,259.0,270.0,175.0,199.0
11358,49.35,12.35,WB,261,16,194,16,228.0,279.0,183.0,209.0
11359,49.3167,12.3,WB,264,16,196,16,258.0,272.0,183.0,210.0
11362,49.5833,12.15,WB,262,16,190,16,258.0,268.0,173.0,200.0
11364,49.7167,12.1833,WB,259,15,197,16,249.0,275.0,189.0,210.0
11377,49.1,11.8167,WB,262,16,197,16,249.0,278.0,180.0,210.0
11378,49.15,11.6667,WB,262,8,201,8,248.0,268.0,186.0,212.0
11380,49.05,11.9167,WB,265,16,195,16,253.0,279.0,170.0,208.0
11381,49.05,11.8833,WB,263,16,199,16,252.0,273.0,182.0,208.0
11384,49.2167,11.7667,WB,264,16,198,16,260.0,269.0,175.0,216.0
11392,49.0,11.9167,WB,260,16,197,14,247.0,272.0,189.0,210.0
11393,48.9667,12.0833,WB,260,16,190,16,245.0,287.0,172.0,198.0
11396,49.0167,11.9333,WB,263,15,198,16,256.0,272.0,181.0,214.0
11400,49.0667,12.0167,WB,262,7,192,7,258.0,269.0,179.0,200.0
11402,49.0667,12.45,WB,267,16,203,15,259.0,279.0,190.0,210.0
11403,48.9167,12.4333,WB,262,16,182,16,255.0,269.0,170.0,191.0
11405,49.0333,12.25,WB,263,16,187,16,250.0,275.0,173.0,199.0
11406,48.9833,12.2,WB,255,16,196,15,230.0,273.0,174.0,214.0
11411,48.9,11.6167,WB,260,16,190,16,254.0,268.0,176.0,203.0
11413,49.1,12.4833,WB,264,6,193,14,244.0,273.0,167.0,214.0
11425,49.5333,11.6833,WB,260,15,194,16,255.0,271.0,179.0,209.0
11429,49.95,12.2833,WB,255,4,204,4,247.0,262.0,203.0,207.0
11433,49.7833,12.3167,WB,255,12,206,12,249.0,263.0,197.0,214.0
11440,49.9167,12.3833,WB,256,16,203,16,232.0,269.0,193.0,215.0
11444,49.6333,12.2667,WB,262,11,196,12,253.0,279.0,184.0,212.0
11447,49.65,12.2667,WB,265,16,197,16,250.0,282.0,176.0,215.0
11448,49.55,12.4167,WB,258,13,205,14,238.0,281.0,189.0,230.0
11449,49.6167,12.35,WB,262,15,201,15,248.0,276.0,182.0,215.0
11450,49.3167,12.75,WB,262,16,188,16,257.0,276.0,172.0,199.0
11452,49.4333,12.5833,WB,259,4,200,9,257.0,262.0,189.0,209.0
11453,49.3833,12.7167,WB,266,15,203,15,248.0,277.0,185.0,228.0
11455,49.9667,11.5667,WB,261,16,190,16,253.0,274.0,161.0,207.0
11458,50.3167,11.9167,WB,255,16,205,16,224.0,268.0,196.0,216.0
11459,50.0,12.0833,WB,259,15,201,15,244.0,271.0,187.0,217.0
11472,49.9167,11.0167,WB,263,16,189,16,254.0,277.0,178.0,200.0
11477,49.7833,10.7,WB,256,9,191,9,231.0,269.0,179.0,200.0
11486,49.9333,11.6167,WB,259,15,193,15,240.0,283.0,176.0,206.0
11502,50.3667,10.8,WB,259,15,190,15,251.0,270.0,181.0,203.0
11507,50.3,11.0333,WB,265,8,194,8,246.0,284.0,171.0,209.0
11508,50.2667,11.15,WB,259,16,195,16,244.0,268.0,172.0,209.0
11509,50.2167,11.1333,WB,258,16,197,16,246.0,267.0,182.0,211.0
11515,49.7833,11.1833,WB,253,10,192,10,245.0,263.0,183.0,206.0
11517,49.9333,11.2833,WB,260,16,199,16,244.0,270.0,184.0,218.0
11518,49.95,11.1667,WB,261,12,199,12,256.0,272.0,189.0,211.0
11520,49.8167,11.2167,WB,263,16,199,16,257.0,272.0,189.0,210.0
11523,49.6667,11.1,WB,267,12,195,16,257.0,292.0,184.0,209.0
11528,49.7,10.8167,WB,257,7,191,7,245.0,265.0,181.0,203.0
11530,49.75,10.7167,WB,260,8,188,8,257.0,270.0,179.0,198.0
11533,50.2667,11.85,WB,262,16,200,16,258.0,268.0,189.0,209.0
11539,50.2,11.2667,WB,265,10,193,11,258.0,272.0,178.0,214.0
11543,50.3667,11.5167,WB,265,7,218,7,249.0,279.0,208.0,237.0
11555,50.0833,11.35,WB,260,11,186,12,255.0,265.0,171.0,198.0
11560,50.05,11.4333,WB,264,16,191,16,259.0,277.0,179.0,206.0
11561,50.1167,11.6167,WB,262,16,194,16,257.0,272.0,181.0,203.0
11563,50.0167,11.25,WB,259,16,196,16,249.0,271.0,182.0,208.0
11567,50.1667,11.0333,WB,261,16,193,16,247.0,276.0,180.0,203.0
11572,50.05,11.15,WB,262,10,201,10,251.0,278.0,192.0,211.0
11584,50.2833,11.7333,WB,266,16,211,16,257.0,276.0,195.0,228.0
11586,50.3167,11.75,WB,244,15,200,16,236.0,254.0,189.0,213.0
11590,49.7667,11.35,WB,258,10,199,10,252.0,269.0,185.0,211.0
11591,49.85,11.6,WB,264,16,196,16,258.0,271.0,173.0,212.0
11595,49.7667,11.55,WB,265,12,203,12,258.0,287.0,186.0,219.0
11609,50.0333,11.0,WB,256,16,197,16,237.0,268.0,179.0,211.0
11619,50.0167,11.95,WB,248,10,211,9,243.0,255.0,195.0,221.0
11620,50.1,11.8833,WB,266,10,202,11,255.0,287.0,192.0,212.0
11630,49.3833,10.1833,WB,262,3,198,3,258.0,268.0,189.0,204.0
11632,49.4,10.5167,WB,261,16,195,16,252.0,277.0,181.0,204.0
11634,49.3333,10.8,WB,262,16,192,16,256.0,270.0,179.0,206.0
11635,49.35,10.5167,WB,256,16,192,16,250.0,268.0,181.0,204.0
11652,49.5833,11.2,WB,263,16,192,16,254.0,276.0,181.0,210.0
11655,49.5667,11.1833,WB,263,15,196,15,258.0,273.0,185.0,211.0
11660,49.1667,10.3333,WB,260,16,194,16,256.0,268.0,181.0,204.0
11667,49.5,10.8,WB,261,14,191,14,258.0,268.0,180.0,208.0
11675,49.5167,11.4167,WB,261,16,189,16,255.0,271.0,172.0,200.0
11677,49.5167,11.4333,WB,259,3,194,3,256.0,263.0,173.0,207.0
11678,49.4667,11.4,WB,265,12,191,15,260.0,277.0,180.0,203.0
11685,49.0167,11.1833,WB,261,15,193,15,257.0,271.0,182.0,211.0
11687,49.2,11.2833,WB,262,4,188,6,254.0,272.0,172.0,198.0
11688,49.15,11.0333,WB,263,10,190,8,261.0,267.0,178.0,198.0
11693,49.5833,10.6,WB,255,13,191,13,237.0,273.0,177.0,213.0
11694,49.45,10.6,WB,270,6,195,6,264.0,278.0,182.0,203.0
11696,49.4833,10.7167,WB,263,16,192,16,255.0,271.0,180.0,204.0
11702,49.4,11.4,WB,260,16,197,16,252.0,271.0,183.0,231.0
11703,49.3833,10.3333,WB,267,16,204,16,253.0,273.0,198.0,211.0
11704,49.2833,10.2667,WB,268,9,200,9,259.0,280.0,188.0,214.0
11712,49.7667,10.5167,WB,259,10,188,10,252.0,267.0,181.0,198.0
11715,49.3667,10.95,WB,261,16,187,16,251.0,273.0,178.0,198.0
11717,49.2333,10.9,WB,275,3,197,4,268.0,283.0,193.0,202.0
11719,49.55,10.4333,WB,259,10,188,11,252.0,266.0,179.0,198.0
11720,49.6333,10.2333,WB,263,16,189,16,258.0,269.0,179.0,199.0
11721,49.45,10.3167,WB,262,16,192,15,250.0,274.0,172.0,235.0
11725,49.55,10.2333,WB,263,16,192,16,256.0,270.0,175.0,202.0
11728,48.9,10.9333,WB,265,16,198,16,257.0,275.0,187.0,208.0
11730,49.1167,10.9833,WB,261,5,187,5,254.0,269.0,179.0,199.0
11731,49.0167,11.1167,WB,262,16,200,16,258.0,269.0,186.0,227.0
11733,48.9,11.0,WB,269,16,202,16,252.0,285.0,182.0,231.0
11745,50.0833,9.15,WB,264,7,200,7,259.0,268.0,182.0,214.0
11746,50.0833,9.25,WB,260,15,197,15,251.0,268.0,184.0,220.0
11748,49.9667,9.2167,WB,256,15,205,16,238.0,272.0,186.0,226.0
11767,50.1667,10.1667,WB,253,13,187,13,229.0,272.0,177.0,201.0
11768,50.2,10.3167,WB,257,16,191,15,247.0,270.0,175.0,206.0
11780,50.2833,9.9167,WB,260,16,194,16,252.0,270.0,179.0,206.0
11788,50.0333,10.8333,WB,261,16,191,16,252.0,273.0,182.0,202.0
11803,49.95,10.2833,WB,260,16,186,16,256.0,265.0,171.0,199.0
11805,49.95,10.4167,WB,250,12,187,12,225.0,270.0,174.0,211.0
11808,50.15,9.9667,WB,256,6,188,6,252.0,265.0,172.0,205.0
11813,50.2,9.8333,WB,267,16,200,16,259.0,281.0,193.0,207.0
11814,50.15,9.8833,WB,261,16,188,16,256.0,272.0,172.0,205.0
11817,49.9667,10.6833,WB,260,16,190,16,257.0,271.0,177.0,205.0
11820,50.0333,10.5,WB,267,3,190,3,262.0,272.0,180.0,204.0
11827,50.15,10.4333,WB,260,16,198,16,243.0,271.0,182.0,210.0
11836,50.1833,10.3667,WB,258,16,193,15,250.0,276.0,179.0,211.0
11849,49.7167,10.2167,WB,263,16,183,16,253.0,272.0,171.0,199.0
11857,50.3,10.4667,WB,260,16,193,15,254.0,268.0,181.0,214.0
11858,50.2667,10.5333,WB,259,11,191,11,253.0,275.0,181.0,203.0
11860,50.3333,10.35,WB,262,5,187,5,249.0,285.0,183.0,198.0
11872,49.9,9.6667,WB,263,8,193,11,257.0,271.0,182.0,204.0
11875,50.4,10.35,WB,258,5,196,6,254.0,265.0,187.0,203.0
11878,50.5333,10.15,WB,255,16,206,16,242.0,263.0,197.0,217.0
11882,50.4167,10.3833,WB,253,16,194,16,246.0,268.0,182.0,206.0
11883,50.45,10.2667,WB,259,16,192,16,241.0,275.0,174.0,206.0
11884,49.65,9.2167,WB,272,5,193,4,258.0,288.0,185.0,205.0
11890,49.8333,9.1333,WB,262,5,189,5,256.0,268.0,181.0,198.0
11891,49.7,10.0833,WB,263,16,186,14,258.0,270.0,179.0,201.0
11897,49.7,10.0167,WB,270,16,193,16,263.0,291.0,182.0,206.0
11907,49.9,10.05,WB,242,9,191,9,82.0,268.0,181.0,202.0
11908,49.8833,10.0333,WB,264,16,191,16,259.0,275.0,179.0,204.0
11910,49.6833,9.9,WB,263,16,191,16,257.0,271.0,178.0,201.0
11911,49.8667,9.9,WB,257,6,187,6,245.0,269.0,172.0,201.0
11915,49.7833,9.7667,WB,255,8,189,8,239.0,268.0,178.0,198.0
11916,49.8333,9.8667,WB,261,7,187,7,258.0,267.0,172.0,202.0
11932,48.55,10.3,WB,264,14,194,15,251.0,270.0,181.0,208.0
11933,48.7167,10.6167,WB,262,3,190,3,260.0,264.0,186.0,194.0
11938,48.6167,10.4167,WB,266,16,192,16,260.0,271.0,181.0,202.0
11940,48.7167,10.7833,WB,261,14,189,15,258.0,265.0,168.0,211.0
11950,48.35,10.9833,WB,261,8,193,8,258.0,268.0,178.0,209.0
11957,48.4333,10.4167,WB,266,16,192,16,258.0,275.0,175.0,203.0
11960,48.3667,10.3,WB,250,16,189,16,238.0,262.0,169.0,202.0
11966,48.25,10.0833,WB,263,11,193,11,259.0,270.0,182.0,202.0
11971,48.15,10.1667,WB,262,16,197,16,256.0,270.0,182.0,206.0
12001,47.9667,10.15,WB,261,12,192,12,257.0,270.0,175.0,204.0
12013,48.1167,10.4667,WB,264,16,191,16,241.0,278.0,176.0,201.0
12017,48.75,11.0167,WB,260,14,186,16,242.0,270.0,171.0,201.0
12022,48.3667,10.15,WB,260,8,194,9,255.0,269.0,188.0,209.0
12026,48.3167,10.1,WB,263,16,195,16,248.0,278.0,178.0,205.0
12031,48.7833,10.5333,WB,254,4,192,3,242.0,265.0,187.0,198.0
12035,48.2667,10.8333,WB,267,9,198,9,261.0,276.0,190.0,222.0
12038,48.1833,10.6833,WB,264,16,195,16,258.0,271.0,181.0,211.0
12053,48.4833,10.6667,WB,261,11,193,12,258.0,271.0,180.0,205.0
12054,48.5667,10.7333,WB,259,8,190,8,257.0,264.0,177.0,199.0
12056,48.5833,10.75,WB,263,12,186,12,259.0,274.0,171.0,198.0
12065,49.1667,7.3167,WB,258,14,187,14,247.0,269.0,178.0,203.0
12073,49.4667,6.4833,WB,259,5,200,5,248.0,268.0,194.0,207.0
12075,49.4667,6.3833,WB,267,4,189,12,257.0,275.0,178.0,206.0
12076,49.5,6.4,WB,264,14,190,14,257.0,271.0,181.0,204.0
12077,49.4833,6.8667,WB,267,16,191,16,263.0,280.0,178.0,206.0
12085,49.4333,6.9667,WB,288,6,202,6,285.0,291.0,201.0,203.0
12090,49.2833,6.8667,WB,254,5,190,5,248.0,258.0,169.0,213.0
12094,49.1667,7.05,WB,269,16,195,16,260.0,293.0,178.0,211.0
12103,49.4167,6.9167,WB,256,16,195,16,237.0,283.0,181.0,209.0
12104,49.4,6.8167,WB,268,16,206,16,254.0,289.0,197.0,211.0
12105,49.4667,6.9,WB,264,14,199,14,252.0,274.0,189.0,208.0
12111,49.2167,7.25,WB,265,12,195,6,240.0,286.0,177.0,214.0
12115,49.25,7.15,WB,260,11,195,12,236.0,273.0,171.0,222.0
12132,52.4477,13.2975,WB,272,7,186,7,268.0,283.0,171.0,193.0
12156,53.2167,14.3833,WB,251,15,190,15,242.0,261.0,179.0,199.0
12157,52.9667,14.0833,WB,257,16,190,16,248.0,267.0,180.0,200.0
12162,53.15,14.1167,WB,249,16,191,16,233.0,265.0,178.0,209.0
12164,53.1,13.8833,WB,252,13,189,13,237.0,272.0,175.0,197.0
12168,52.7333,14.2167,WB,260,9,193,10,248.0,265.0,184.0,204.0
12173,52.8,14.1667,WB,262,16,194,16,250.0,279.0,183.0,205.0
12187,51.4698,13.3889,WB,260,7,177,7,255.0,265.0,166.0,188.0
12200,52.0167,12.5333,WB,261,9,191,9,258.0,264.0,176.0,200.0
12207,52.6833,13.6167,WB,261,9,191,7,257.0,269.0,173.0,199.0
12258,51.5667,13.55,WB,261,16,186,16,251.0,283.0,171.0,196.0
12259,51.5833,13.8167,WB,258,5,188,4,253.0,266.0,183.0,192.0
12266,51.7333,14.5833,WB,256,16,189,16,255.0,260.0,181.0,205.0
12289,53.0333,13.05,WB,258,16,187,16,253.0,265.0,178.0,198.0
12291,52.9833,13.35,WB,257,16,189,16,253.0,265.0,171.0,197.0
12294,51.8833,14.65,WB,260,16,190,16,253.0,271.0,182.0,201.0
12295,51.9667,14.5667,WB,263,16,186,16,253.0,268.0,177.0,197.0
12305,51.7167,13.3833,WB,270,13,196,11,263.0,283.0,179.0,214.0
12306,51.8167,13.2333,WB,253,15,184,15,80.0,273.0,169.0,212.0
12310,51.9167,13.0833,WB,260,10,183,10,257.0,264.0,170.0,196.0
12330,52.9833,12.1167,WB,259,14,187,14,242.0,269.0,168.0,201.0
12335,52.0167,13.8667,WB,263,9,189,10,257.0,269.0,182.0,195.0
12347,51.7833,13.6167,WB,251,15,193,15,230.0,276.0,181.0,219.0
12368,52.8167,12.7833,WB,252,4,193,4,250.0,256.0,178.0,203.0
12372,52.9833,12.6667,WB,263,13,196,12,256.0,269.0,185.0,204.0
12380,52.8333,12.9833,WB,261,16,187,16,252.0,270.0,174.0,201.0
12398,52.9833,12.0667,WB,259,9,189,9,253.0,281.0,171.0,199.0
12418,53.3167,13.9,WB,256,16,189,16,236.0,272.0,177.0,200.0
12420,53.25,12.2,WB,259,16,191,16,250.0,267.0,182.0,204.0
12421,53.0333,12.0833,WB,257,5,193,6,251.0,262.0,177.0,201.0
12441,52.5,14.5833,WB,254,3,191,3,246.0,259.0,190.0,193.0
12458,52.5167,14.1167,WB,264,14,190,13,258.0,273.0,181.0,199.0
12460,53.2667,13.6,WB,261,9,195,9,256.0,268.0,183.0,207.0
12462,53.2167,13.3333,WB,258,15,193,15,245.0,271.0,181.0,205.0
12468,53.0667,12.55,WB,267,16,192,16,256.0,277.0,172.0,206.0
12474,52.2,13.3333,WB,258,5,188,6,252.0,267.0,172.0,196.0
12492,54.1333,12.0667,WB,255,14,202,14,242.0,268.0,186.0,214.0
12502,53.9,11.4667,WB,277,3,192,3,263.0,293.0,185.0,199.0
12508,53.7167,13.15,WB,257,16,190,16,250.0,266.0,178.0,198.0
12511,53.85,13.7,WB,254,4,192,4,249.0,257.0,188.0,199.0
12513,53.7667,13.7833,WB,257,4,192,4,256.0,258.0,191.0,195.0
12518,54.1,11.9,WB,249,4,193,4,242.0,259.0,185.0,201.0
12522,54.1,11.6167,WB,258,5,192,7,254.0,262.0,185.0,200.0
12527,53.8833,11.8333,WB,258,8,196,9,246.0,279.0,184.0,204.0
12537,53.8667,13.15,WB,254,12,189,15,235.0,263.0,180.0,199.0
12538,53.9167,13.25,WB,244,16,193,16,236.0,255.0,172.0,212.0
12539,53.7667,11.0333,WB,260,7,196,7,254.0,267.0,185.0,205.0
12551,53.9833,13.55,WB,258,3,191,3,254.0,262.0,184.0,197.0
12560,54.0833,13.1667,WB,261,14,194,14,256.0,271.0,189.0,205.0
12561,54.0833,12.9667,WB,266,15,197,15,256.0,275.0,186.0,204.0
12563,53.8167,12.0667,WB,262,16,193,16,257.0,270.0,184.0,203.0
12568,53.75,12.3833,WB,258,15,191,15,252.0,281.0,181.0,203.0
12582,53.2667,11.0833,WB,266,8,196,8,260.0,279.0,187.0,204.0
12596,53.4667,11.1,WB,259,6,190,12,255.0,263.0,182.0,201.0
12601,53.2667,11.3167,WB,254,13,191,14,251.0,263.0,172.0,204.0
12615,53.9,12.8667,WB,260,5,192,5,258.0,264.0,185.0,198.0
12633,53.5167,13.95,WB,246,16,192,16,233.0,259.0,184.0,201.0
12634,53.3,14.2333,WB,247,16,189,16,227.0,255.0,183.0,198.0
12636,54.3667,12.4167,WB,267,3,206,3,267.0,267.0,204.0,207.0
12637,54.3333,12.7167,WB,261,9,192,10,250.0,271.0,184.0,201.0
12640,54.2833,12.3667,WB,275,16,207,16,258.0,287.0,196.0,221.0
12642,54.15,12.5833,WB,270,16,196,16,254.0,278.0,187.0,206.0
12645,54.2167,12.6833,WB,260,12,197,14,249.0,277.0,184.0,210.0
12651,53.3,12.6667,WB,248,12,194,14,239.0,263.0,183.0,203.0
12656,54.0667,12.3167,WB,263,15,198,14,256.0,271.0,192.0,208.0
12667,54.5667,13.6333,WB,256,3,203,3,255.0,257.0,200.0,205.0
12681,53.7167,11.8333,WB,260,12,201,13,254.0,265.0,194.0,210.0
12684,54.1833,12.9,WB,258,14,193,16,251.0,273.0,184.0,200.0
12690,53.55,13.8333,WB,254,16,190,16,226.0,262.0,180.0,199.0
12693,53.4833,13.45,WB,257,15,196,16,249.0,263.0,186.0,209.0
12695,53.4667,13.6167,WB,253,16,194,16,240.0,269.0,180.0,204.0
12704,53.7333,12.5667,WB,253,6,192,6,249.0,264.0,184.0,200.0
12705,53.7,12.5333,WB,253,9,192,9,251.0,256.0,185.0,200.0
12709,53.7833,12.5833,WB,255,16,193,16,250.0,267.0,175.0,205.0
12735,54.05,14.0,WB,259,4,195,4,258.0,260.0,186.0,201.0
12745,54.0833,13.9167,WB,261,16,194,16,253.0,268.0,187.0,208.0
12780,50.5333,12.5667,WB,255,6,215,6,248.0,263.0,201.0,232.0
12784,50.55,12.65,WB,256,16,200,16,242.0,274.0,189.0,214.0
12792,50.5333,12.3,WB,262,13,201,14,255.0,277.0,191.0,213.0
12803,51.1,12.3167,WB,262,11,191,14,253.0,276.0,182.0,200.0
12809,50.8,13.4167,WB,258,8,204,8,255.0,263.0,196.0,211.0
12810,50.7,13.4333,WB,255,14,209,15,247.0,262.0,196.0,224.0
12813,50.9333,12.8167,WB,263,16,192,16,240.0,275.0,176.0,207.0
12817,50.9,13.0,WB,260,15,194,15,255.0,272.0,182.0,211.0
12824,50.9,13.6667,WB,236,4,202,7,227.0,246.0,191.0,211.0
12830,51.1167,13.1167,WB,263,16,192,16,257.0,272.0,184.0,204.0
12833,51.1167,13.1833,WB,259,16,193,16,250.0,271.0,181.0,202.0
12841,51.1167,13.6,WB,263,11,191,11,254.0,277.0,182.0,199.0
12843,51.2167,13.7333,WB,265,11,188,11,261.0,273.0,181.0,198.0
12860,50.9833,13.6833,WB,261,12,186,12,252.0,273.0,173.0,206.0
12865,50.9667,13.7333,WB,252,6,194,6,231.0,266.0,181.0,208.0
12873,50.8667,12.45,WB,260,16,192,16,256.0,263.0,176.0,201.0
12875,50.8667,12.6167,WB,262,16,191,16,258.0,273.0,171.0,204.0
12879,51.2667,15.0333,WB,262,14,189,14,255.0,271.0,173.0,197.0
12881,51.0333,14.95,WB,254,9,194,9,249.0,262.0,189.0,206.0
12883,51.1167,12.8,WB,260,16,188,16,242.0,271.0,171.0,204.0
12917,50.9833,14.8,WB,256,11,191,11,229.0,267.0,180.0,202.0
12921,51.1,14.65,WB,261,5,192,5,257.0,263.0,187.0,206.0
12937,51.2,13.4167,WB,264,16,187,16,258.0,268.0,172.0,201.0
12940,51.15,13.45,WB,262,12,195,14,255.0,270.0,181.0,210.0
12942,51.0667,13.2667,WB,263,16,193,16,261.0,268.0,176.0,205.0
12944,51.2167,13.3667,WB,264,16,191,16,248.0,281.0,174.0,200.0
12948,51.3,14.6667,WB,259,7,184,7,252.0,267.0,171.0,193.0
12957,50.4,12.2,WB,258,16,199,16,247.0,275.0,187.0,211.0
12967,50.8333,13.95,WB,262,11,208,11,254.0,269.0,196.0,221.0
12971,50.9667,14.05,WB,263,14,194,14,251.0,282.0,184.0,205.0
12978,50.6,12.2667,WB,253,16,207,16,245.0,259.0,190.0,225.0
12981,51.3,13.25,WB,261,16,188,16,251.0,272.0,173.0,213.0
12987,51.05,12.9667,WB,258,12,197,14,252.0,269.0,182.0,209.0
12994,51.0667,14.2167,WB,262,8,199,8,255.0,269.0,182.0,211.0
12996,51.05,14.0833,WB,258,3,196,3,255.0,265.0,189.0,204.0
13004,51.4833,13.1333,WB,262,4,185,3,259.0,269.0,175.0,191.0
13005,51.65,12.8833,WB,255,16,181,16,251.0,260.0,170.0,191.0
13006,51.4667,12.9333,WB,266,4,182,5,264.0,268.0,178.0,190.0
13015,50.7,12.35,WB,263,13,195,15,253.0,274.0,182.0,213.0
13018,51.3333,12.6167,WB,253,16,188,16,236.0,283.0,174.0,199.0
13020,51.3667,12.6333,WB,259,16,187,16,253.0,264.0,173.0,196.0
13021,51.4333,12.6833,WB,257,15,183,16,232.0,274.0,168.0,200.0
13041,51.7667,11.4333,WB,263,3,197,6,259.0,269.0,192.0,201.0
13045,51.9,11.2833,WB,263,7,198,7,256.0,267.0,184.0,230.0
13046,51.7333,11.5,WB,255,13,191,15,232.0,265.0,180.0,202.0
13047,51.7167,11.3,WB,258,16,188,16,253.0,262.0,179.0,205.0
13051,51.7,11.65,WB,262,5,203,5,259.0,270.0,200.0,207.0
13074,52.1333,11.8333,WB,262,16,185,16,257.0,265.0,171.0,196.0
13082,51.4833,11.6333,WB,263,8,192,10,257.0,268.0,186.0,202.0
13083,51.5333,11.7,WB,260,16,190,15,256.0,265.0,177.0,202.0
13089,52.6167,11.3,WB,251,3,189,3,238.0,262.0,185.0,198.0
13092,52.35,11.9833,WB,250,6,184,6,239.0,268.0,172.0,191.0
13094,52.5,12.0333,WB,259,16,188,16,249.0,267.0,183.0,198.0
13095,52.4833,12.2333,WB,273,7,193,7,273.0,273.0,186.0,198.0
13101,51.6833,12.55,WB,257,16,184,16,251.0,263.0,168.0,193.0
13102,51.8167,12.55,WB,258,16,188,16,247.0,268.0,173.0,196.0
13115,51.9667,10.7167,WB,256,12,193,16,248.0,264.0,182.0,203.0
13121,52.3833,11.4667,WB,264,4,192,8,257.0,269.0,172.0,205.0
13123,52.4,11.1667,WB,261,13,188,13,247.0,273.0,181.0,196.0
13125,52.2833,11.4167,WB,256,6,189,14,245.0,265.0,177.0,209.0
13126,52.2,11.3333,WB,261,16,191,16,257.0,269.0,183.0,201.0
13130,52.75,12.1,WB,260,3,183,3,244.0,278.0,174.0,188.0
13140,51.7333,13.0333,WB,265,15,186,16,251.0,272.0,171.0,198.0
13158,52.6333,11.0833,WB,259,16,187,16,235.0,266.0,171.0,199.0
13172,51.3167,12.1167,WB,256,12,186,12,249.0,262.0,171.0,194.0
13182,51.1333,11.7333,WB,246,15,193,15,235.0,265.0,182.0,206.0
13197,51.2333,11.8167,WB,264,16,189,16,258.0,269.0,171.0,200.0
13198,52.0833,11.1167,WB,252,4,189,3,246.0,258.0,183.0,194.0
9005,52.1167,7.1167,WB,269,13,192,16,259.0,281.0,181.0,211.0
